source_url,text,image_paths,num_images,scraped_at
https://www.threads.com/saved,,c:\Users\Reena\Desktop\threads_saved_images\20250924_133949_0_0.jpg,1,2025-09-24T13:39:49.969920
https://www.threads.com/saved,,c:\Users\Reena\Desktop\threads_saved_images\20250924_133950_1_0.jpg,1,2025-09-24T13:39:51.400142
https://www.threads.com/saved,,c:\Users\Reena\Desktop\vishPipeLine_for_thread_promptGod\pictures\20250924_142533_0_0.jpg,1,2025-09-24T14:25:33.859009
https://www.threads.com/saved,,c:\Users\Reena\Desktop\vishPipeLine_for_thread_promptGod\pictures\20250924_142534_1_0.jpg,1,2025-09-24T14:25:35.225346
https://www.threads.com/saved,,c:\Users\Reena\Desktop\vishPipeLine_for_thread_promptGod\pictures\20250924_142957_0_0.jpg,1,2025-09-24T19:59:57.675890+05:30
https://www.threads.com/saved,,c:\Users\Reena\Desktop\vishPipeLine_for_thread_promptGod\pictures\20250924_142958_1_0.jpg,1,2025-09-24T19:59:59.124945+05:30
https://www.threads.com/saved,,c:\Users\Reena\Desktop\vishPipeLine_for_thread_promptGod\pictures\20250924_160209_0_0.jpg,1,2025-09-24T21:32:10.306660+05:30
https://www.threads.com/saved,,c:\Users\Reena\Desktop\vishPipeLine_for_thread_promptGod\pictures\20250924_160211_1_0.jpg,1,2025-09-24T21:32:11.833545+05:30
https://www.threads.com/saved,,c:\Users\Reena\Desktop\vishPipeLine_for_thread_promptGod\pictures\20250924_160212_2_0.jpg,1,2025-09-24T21:32:13.163987+05:30
https://www.threads.com/saved,,c:\Users\Reena\Desktop\vishPipeLine_for_thread_promptGod\pictures\20250924_160213_3_0.jpg,1,2025-09-24T21:32:14.864215+05:30
https://www.threads.com/saved,,c:\Users\Reena\Desktop\vishPipeLine_for_thread_promptGod\pictures\20250924_160215_4_0.jpg,1,2025-09-24T21:32:16.400418+05:30
https://www.threads.com/saved,,c:\Users\Reena\Desktop\vishPipeLine_for_thread_promptGod\pictures\20250924_160217_5_0.jpg,1,2025-09-24T21:32:17.717112+05:30
https://www.threads.com/saved,,c:\Users\Reena\Desktop\vishPipeLine_for_thread_promptGod\pictures\20250924_160218_6_0.jpg,1,2025-09-24T21:32:19.109481+05:30
https://www.threads.com/saved,,c:\Users\Reena\Desktop\vishPipeLine_for_thread_promptGod\pictures\20250924_160219_7_0.jpg,1,2025-09-24T21:32:20.447188+05:30
https://www.threads.com/saved,,c:\Users\Reena\Desktop\vishPipeLine_for_thread_promptGod\pictures\20250924_160221_8_0.jpg,1,2025-09-24T21:32:21.844733+05:30
https://www.threads.com/saved,,c:\Users\Reena\Desktop\vishPipeLine_for_thread_promptGod\pictures\20250924_160222_9_0.jpg,1,2025-09-24T21:32:23.220199+05:30
https://www.threads.com/saved,,c:\Users\Reena\Desktop\vishPipeLine_for_thread_promptGod\pictures\20250924_160223_10_0.jpg,1,2025-09-24T21:32:24.576377+05:30
https://www.threads.com/saved,,c:\Users\Reena\Desktop\vishPipeLine_for_thread_promptGod\pictures\20250924_160225_11_0.jpg,1,2025-09-24T21:32:25.930645+05:30
https://www.threads.com/saved,,c:\Users\Reena\Desktop\vishPipeLine_for_thread_promptGod\pictures\20250924_160226_12_0.jpg,1,2025-09-24T21:32:27.355599+05:30
https://www.threads.com/saved,,c:\Users\Reena\Desktop\vishPipeLine_for_thread_promptGod\pictures\20250924_160228_13_0.jpg,1,2025-09-24T21:32:28.722551+05:30
https://www.threads.com/saved,,c:\Users\Reena\Desktop\vishPipeLine_for_thread_promptGod\pictures\20250924_160229_14_0.jpg,1,2025-09-24T21:32:30.111953+05:30
https://www.threads.com/saved,,c:\Users\Reena\Desktop\vishPipeLine_for_thread_promptGod\pictures\20250924_160230_15_0.webp,1,2025-09-24T21:32:31.459216+05:30
https://www.threads.com/saved,,c:\Users\Reena\Desktop\vishPipeLine_for_thread_promptGod\pictures\20250924_160232_16_0.webp,1,2025-09-24T21:32:32.858700+05:30
https://www.threads.com/saved,,c:\Users\Reena\Desktop\vishPipeLine_for_thread_promptGod\pictures\20250924_160233_17_0.webp,1,2025-09-24T21:32:34.265251+05:30
https://www.threads.com/saved,,c:\Users\Reena\Desktop\vishPipeLine_for_thread_promptGod\pictures\20250924_160235_18_0.webp,1,2025-09-24T21:32:35.641592+05:30
https://www.threads.com/saved,,c:\Users\Reena\Desktop\vishPipeLine_for_thread_promptGod\pictures\20250924_160236_19_0.webp,1,2025-09-24T21:32:36.995013+05:30
https://www.threads.com/saved,,c:\Users\Reena\Desktop\vishPipeLine_for_thread_promptGod\pictures\20250924_160237_20_0.webp,1,2025-09-24T21:32:38.387449+05:30
https://www.threads.com/saved,,c:\Users\Reena\Desktop\vishPipeLine_for_thread_promptGod\pictures\20250924_160239_21_0.jpg,1,2025-09-24T21:32:39.733868+05:30
https://www.threads.com/saved,,c:\Users\Reena\Desktop\vishPipeLine_for_thread_promptGod\pictures\20250924_160240_22_0.jpg,1,2025-09-24T21:32:41.181969+05:30
https://www.threads.com/saved,,c:\Users\Reena\Desktop\vishPipeLine_for_thread_promptGod\pictures\20250924_160241_23_0.jpg,1,2025-09-24T21:32:42.627190+05:30
https://www.threads.com/saved,,c:\Users\Reena\Desktop\vishPipeLine_for_thread_promptGod\pictures\20250924_160243_24_0.jpg,1,2025-09-24T21:32:43.998352+05:30
https://www.threads.com/saved,,c:\Users\Reena\Desktop\vishPipeLine_for_thread_promptGod\pictures\20250924_160244_25_0.jpg,1,2025-09-24T21:32:45.337974+05:30
https://www.threads.com/saved,,c:\Users\Reena\Desktop\vishPipeLine_for_thread_promptGod\pictures\20250924_160246_26_0.jpg,1,2025-09-24T21:32:46.665738+05:30
https://www.threads.com/saved,,c:\Users\Reena\Desktop\vishPipeLine_for_thread_promptGod\pictures\20250924_160247_27_0.webp,1,2025-09-24T21:32:47.992839+05:30
https://www.threads.com/saved,,c:\Users\Reena\Desktop\vishPipeLine_for_thread_promptGod\pictures\20250924_160248_28_0.webp,1,2025-09-24T21:32:49.320382+05:30
https://www.threads.com/saved,,c:\Users\Reena\Desktop\vishPipeLine_for_thread_promptGod\pictures\20250924_160250_29_0.webp,1,2025-09-24T21:32:50.639508+05:30
